Line,Total_Transfer_Capacity,Start_Transfer_Capacity,Change_in_Transfer_Capacity
1,4414.469639999999,3702.0,712.4696399999993
2,7432.65134,5529.0,1903.6513400000003
